"parents_id";"partners_id";"groom";"father";"bride";"mother";"distance";"length partners";"length parents";"years_between"
35499;41760;250560;212998;250563;212999;0;43;43;40
35499;72842;437052;212995;437055;212996;0;49;49;35
40157;76836;461016;240943;461019;240944;0;35;35;29
43761;7165;42990;262570;42993;262571;0;33;33;34
43761;45828;274968;262567;274971;262568;1;33;33;29
44147;38987;233922;264886;233925;264887;0;33;33;25
51674;73119;438714;310048;438717;310049;2;30;31;32
51674;8791;52746;310045;52749;310046;0;37;37;29
54307;54596;327576;325846;327579;325847;1;32;33;32
54307;65457;392742;325843;392745;325844;1;33;33;31
68024;13906;83436;408148;83439;408149;3;37;37;38
68024;23876;143256;408145;143259;408146;0;41;41;25
74661;4128;24768;447967;24771;447968;0;26;26;30
76309;54745;328470;457855;328473;457856;0;43;43;24
78196;10078;60468;469180;60471;469181;0;30;30;35
78196;2202;13212;469177;13215;469178;3;48;48;28
2478;36328;217968;14869;217971;14870;0;34;34;34
33000;86114;516684;198001;516687;198002;0;37;37;28
64235;71668;430008;385411;430011;385412;0;30;30;35
64235;11808;70848;385414;70851;385415;0;37;37;24
72257;21163;126978;433543;126981;433544;3;26;25;34
83713;65031;390186;502279;390189;502280;0;33;33;32
88961;83709;502254;533767;502257;533768;0;31;31;39
90579;10396;62376;543475;62379;543476;0;38;38;32
90579;23874;143244;543478;143247;543479;0;30;30;28
12833;9485;56910;77002;56913;77003;2;43;42;33
38893;29290;175740;233362;175743;233363;0;31;31;32
38893;79111;474666;233359;474669;233360;3;37;39;31
73751;9026;54156;442507;54159;442508;0;39;39;39
73751;97174;583044;442510;583047;442511;0;28;28;28
94159;85913;515478;564958;515481;564959;0;35;35;24
62118;5338;32028;372712;32031;372713;0;30;30;27
639;12789;76734;3835;76737;3836;0;31;31;23
699;26007;156042;4198;156045;4199;0;49;49;30
699;81454;488724;4195;488727;4196;0;38;38;30
1082;67700;406200;6496;406203;6497;0;36;36;27
2322;2159;12954;13936;12957;13937;0;37;37;26
40772;68863;413178;244633;413181;244634;0;35;35;39
40772;17438;104628;244636;104631;244637;1;38;37;31
53386;19339;116034;320317;116037;320318;1;35;35;31
53386;61621;369726;320320;369729;320321;0;42;42;28
86204;11209;67254;517228;67257;517229;1;42;41;22
86895;76415;458490;521374;458493;521375;0;34;34;38
86895;8293;49758;521371;49761;521372;0;38;38;29
87415;28440;170640;524491;170643;524492;1;43;43;33
87415;45945;275670;524494;275673;524495;1;37;37;30
92616;52297;313782;555697;313785;555698;0;48;48;32
95927;56837;341022;575566;341025;575567;0;49;49;23
98569;10385;62310;591418;62313;591419;3;30;29;24
15491;63560;381360;92947;381363;92948;2;30;30;26
25559;79406;476436;153358;476439;153359;3;34;35;24
31048;44290;265740;186289;265743;186290;0;25;25;38
56466;50688;304128;338800;304131;338801;0;48;48;32
75454;56324;337944;452728;337947;452729;1;39;40;37
76655;53088;318528;459934;318531;459935;0;29;29;28
76655;8227;49362;459931;49365;459932;0;32;32;22
36781;1145;6870;220690;6873;220691;3;32;35;40
36781;30763;184578;220687;184581;220688;0;34;34;39
75736;14851;89106;454417;89109;454418;0;25;25;29
42316;61991;371946;253897;371949;253898;1;38;39;25
3826;72464;434784;22957;434787;22958;0;43;43;26
9865;1758;10548;59194;10551;59195;0;46;46;40
9865;64562;387372;59191;387375;59192;0;31;31;30
19074;52921;317526;114445;317529;114446;0;48;48;31
19074;15465;92790;114448;92793;114449;0;36;36;23
47305;89738;538428;283834;538431;283835;0;54;54;35
47305;59026;354156;283831;354159;283832;0;43;43;34
53954;26569;159414;323728;159417;323729;0;38;38;28
60659;28126;168756;363958;168759;363959;0;42;42;33
60659;94133;564798;363955;564801;363956;0;26;26;29
67831;7821;46926;406990;46929;406991;0;40;40;22
67831;49902;299412;406987;299415;406988;0;42;42;22
82465;96758;580548;494794;580551;494795;0;28;28;29
90920;83267;499602;545521;499605;545522;0;52;52;34
90920;45770;274620;545524;274623;545525;0;26;26;28
9944;64351;386106;59665;386109;59666;0;50;50;27
9944;60210;361260;59668;361263;59669;0;31;31;19
14380;87172;523032;86284;523035;86285;0;43;43;37
14380;59956;359736;86281;359739;86282;0;45;45;33
23543;5844;35064;141262;35067;141263;0;42;42;33
30597;46747;280482;183583;280485;183584;0;30;30;39
30597;58647;351882;183586;351885;183587;0;32;32;23
36451;42815;256890;218707;256893;218708;0;33;33;35
99918;46352;278112;599512;278115;599513;2;36;36;27
99918;73901;443406;599509;443409;599510;0;52;52;26
92639;10886;65316;555835;65319;555836;0;34;34;31
77473;36944;221664;464839;221667;464840;0;45;45;27
77473;74054;444324;464842;444327;464843;0;32;32;22
86381;51568;309408;518290;309411;518291;0;46;46;21
100601;73576;441456;603610;441459;603611;0;42;42;24
100601;32832;196992;603607;196995;603608;0;33;33;22
14308;33064;198384;85852;198387;85853;1;34;35;25
14308;38106;228636;85849;228639;85850;0;35;35;25
81599;66278;397668;489595;397671;489596;1;34;34;36
11418;97932;587592;68512;587595;68513;0;31;31;35
11418;98036;588216;68509;588219;68510;0;41;41;24
32890;10082;60492;197344;60495;197345;0;37;37;26
32890;15567;93402;197341;93405;197342;0;39;39;26
48629;24605;147630;291775;147633;291776;0;57;57;25
26062;44952;269712;156376;269715;156377;0;24;24;26
5400;48682;292092;32401;292095;32402;0;46;46;25
19760;59252;355512;118564;355515;118565;0;32;32;36
19760;45682;274092;118561;274095;118562;0;32;32;19
95816;4316;25896;574900;25899;574901;0;41;41;38
95816;25395;152370;574897;152373;574898;1;32;32;25
8462;57348;344088;50773;344091;50774;2;37;35;32
8462;25512;153072;50776;153075;50777;0;38;38;25
25101;84183;505098;150610;505101;150611;0;34;34;28
72880;100153;600918;437284;600921;437285;3;42;45;31
22625;72574;435444;135754;435447;135755;1;38;39;26
40552;65275;391650;243316;391653;243317;2;39;39;32
75735;5435;32610;454411;32613;454412;0;47;47;32
94168;24075;144450;565009;144453;565010;2;27;29;40
100769;4190;25140;604618;25143;604619;1;24;25;38
79406;8105;48630;476440;48633;476441;1;48;48;27
968;64856;389136;5812;389139;5813;0;27;27;25
5494;71590;429540;32965;429543;32966;0;34;34;26
54752;42758;256548;328513;256551;328514;2;40;42;37
54752;46624;279744;328516;279747;328517;0;33;33;24
94909;43018;258108;569455;258111;569456;0;48;48;39
94909;87548;525288;569458;525291;569459;1;44;44;35
83595;42563;255378;501571;255381;501572;0;35;35;34
29037;401;2406;174226;2409;174227;0;36;36;30
29037;32538;195228;174223;195231;174224;1;38;38;26
45919;46397;278382;275518;278385;275519;0;40;40;37
45919;86628;519768;275515;519771;275516;1;38;39;36
65347;78374;470244;392086;470247;392087;1;58;58;39
96210;29508;177048;577264;177051;577265;1;30;31;39
31393;27638;165828;188362;165831;188363;0;33;33;29
56957;71602;429612;341743;429615;341744;0;22;22;28
56957;64767;388602;341746;388605;341747;0;28;28;25
10639;91389;548334;63835;548337;63836;2;28;30;35
25370;56356;338136;152221;338139;152222;0;36;36;35
40638;19899;119394;243832;119397;243833;1;31;32;32
59723;28162;168972;358339;168975;358340;0;31;31;29
59723;46040;276240;358342;276243;358343;0;42;42;25
61443;78689;472134;368662;472137;368663;0;29;29;23
62546;9298;55788;375280;55791;375281;0;38;38;28
62546;84795;508770;375277;508773;375278;0;38;38;28
17185;21315;127890;103111;127893;103112;0;37;37;33
40655;9560;57360;243934;57363;243935;1;34;33;39
59112;35231;211386;354676;211389;354677;1;39;40;22
23189;51214;307284;139138;307287;139139;0;42;42;32
4461;6965;41790;26770;41793;26771;0;27;27;35
4461;13917;83502;26767;83505;26768;0;37;37;26
43462;22102;132612;260776;132615;260777;1;42;43;34
72770;4382;26292;436621;26295;436622;2;40;40;31
73404;80751;484506;440425;484509;440426;0;31;31;33
73404;73305;439830;440428;439833;440429;0;27;27;29
82332;48996;293976;493993;293979;493994;3;38;41;30
97872;48023;288138;587236;288141;587237;1;30;29;26
100527;40628;243768;603163;243771;603164;2;31;29;39
100527;75092;450552;603166;450555;603167;0;38;38;31
24584;9297;55782;147508;55785;147509;0;41;41;31
87346;65705;394230;524077;394233;524078;0;29;29;37
30153;96102;576612;180922;576615;180923;0;29;29;37
54401;29527;177162;326410;177165;326411;0;25;25;36
54401;36317;217902;326407;217905;326408;0;26;26;33
5144;40162;240972;30868;240975;30869;0;31;31;35
5144;33289;199734;30865;199737;30866;0;30;30;34
81304;82665;495990;487825;495993;487826;0;48;48;25
748;39368;236208;4489;236211;4490;0;36;36;30
748;61913;371478;4492;371481;4493;0;29;29;28
82341;81533;489198;494050;489201;494051;3;29;28;37
98689;93191;559146;592135;559149;592136;0;36;36;37
98689;98128;588768;592138;588771;592139;1;48;47;27
28657;22576;135456;171946;135459;171947;1;46;45;40
32602;30585;183510;195613;183513;195614;3;41;40;31
32602;6446;38676;195616;38679;195617;1;37;36;31
54750;75257;451542;328501;451545;328502;2;36;34;36
96291;71949;431694;577747;431697;577748;0;33;33;29
96291;45916;275496;577750;275499;577751;0;50;50;26
30519;84920;509520;183118;509523;183119;1;38;38;30
33520;21761;130566;201124;130569;201125;0;31;31;27
63010;81713;490278;378061;490281;378062;0;37;37;27
26915;62361;374166;161491;374169;161492;0;37;37;28
62056;68473;410838;372340;410841;372341;0;36;36;38
89309;98274;589644;535858;589647;535859;0;31;31;34
2032;77683;466098;12193;466101;12194;0;42;42;33
14453;86050;516300;86719;516303;86720;0;34;34;26
16383;12283;73698;98299;73701;98300;0;38;38;34
16383;78232;469392;98302;469395;98303;2;40;42;32
21033;53392;320352;126199;320355;126200;0;28;28;37
33346;77683;466098;200080;466101;200081;0;42;42;33
33346;7047;42282;200077;42285;200078;0;55;55;28
60081;19356;116136;360490;116139;360491;1;38;37;38
8454;1402;8412;50728;8415;50729;0;33;33;31
54680;13818;82908;328081;82911;328082;2;29;31;25
57989;26969;161814;347938;161817;347939;3;30;29;37
57989;34591;207546;347935;207549;347936;0;36;36;31
15781;71773;430638;94687;430641;94688;1;33;32;30
26735;30356;182136;160414;182139;160415;1;32;33;29
40775;54039;324234;244651;324237;244652;0;28;28;35
40775;25864;155184;244654;155187;244655;0;39;39;28
64922;60503;363018;389533;363021;389534;1;27;28;38
73076;74868;449208;438460;449211;438461;0;35;35;38
77866;52185;313110;467197;313113;467198;0;34;34;33
13792;84317;505902;82756;505905;82757;1;33;33;31
13792;59631;357786;82753;357789;82754;0;36;36;29
1997;65377;392262;11986;392265;11987;0;31;31;34
2836;59819;358914;17020;358917;17021;1;41;41;29
6777;78256;469536;40666;469539;40667;0;38;38;33
6777;49649;297894;40663;297897;40664;0;33;33;29
11329;59839;359034;67975;359037;67976;0;25;25;39
11329;42532;255192;67978;255195;67979;0;29;29;31
8371;10761;64566;50230;64569;50231;0;29;29;23
19143;90264;541584;114862;541587;114863;3;30;29;39
24439;39393;236358;146638;236361;146639;0;28;28;25
24439;33769;202614;146635;202617;146636;0;29;29;24
86638;79231;475386;519832;475389;519833;2;31;30;39
89923;80729;484374;539542;484377;539543;2;31;32;40
89923;79773;478638;539539;478641;539540;0;28;28;26
16403;34105;204630;98422;204633;98423;2;43;43;27
26178;40925;245550;157069;245553;157070;2;35;34;36
26178;91563;549378;157072;549381;157073;0;31;31;32
58082;93144;558864;348496;558867;348497;0;32;32;32
27581;37494;224964;165487;224967;165488;1;38;38;33
95624;41764;250584;573748;250587;573749;3;35;36;38
10396;95917;575502;62377;575505;62378;2;35;34;34
10793;29192;175152;64759;175155;64760;0;33;33;27
95968;96013;576078;575809;576081;575810;0;36;36;31
83395;59895;359370;500374;359373;500375;0;27;27;36
85412;71176;427056;512476;427059;512477;2;37;38;36
71053;59597;357582;426319;357585;426320;0;33;33;32
75256;85089;510534;451540;510537;451541;0;41;41;23
89450;47540;285240;536701;285243;536702;0;34;34;29
94639;78975;473850;567838;473853;567839;3;39;41;32
80034;56054;336324;480205;336327;480206;3;30;31;28
11940;44401;266406;71644;266409;71645;1;36;36;27
68614;46217;277302;411688;277305;411689;2;41;41;39
42252;57259;343554;253516;343557;253517;0;38;38;33
42252;43324;259944;253513;259947;253514;1;31;31;30
45959;50281;301686;275755;301689;275756;2;35;35;39
45959;94117;564702;275758;564705;275759;0;32;32;36
63240;6356;38136;379441;38139;379442;0;36;36;31
63240;47540;285240;379444;285243;379445;0;34;34;29
96359;78445;470670;578158;470673;578159;1;38;37;23
45998;61606;369636;275989;369639;275990;0;22;22;35
69079;84445;506670;414478;506673;414479;0;28;28;35
74697;64403;386418;448183;386421;448184;1;30;29;33
10753;42131;252786;64519;252789;64520;0;28;28;36
16474;36410;218460;98845;218463;98846;2;34;34;29
29285;46217;277302;175714;277305;175715;2;41;41;39
31903;66894;401364;191419;401367;191420;0;37;37;31
49243;12163;72978;295459;72981;295460;2;34;33;28
50612;11151;66906;303676;66909;303677;3;41;42;40
70907;53223;319338;425443;319341;425444;1;25;25;27
87545;16558;99348;525274;99351;525275;0;40;40;31
88563;23593;141558;531379;141561;531380;2;24;24;30
88563;135;810;531382;813;531383;1;33;32;29
34494;78185;469110;206968;469113;206969;1;29;30;39
8636;18888;113328;51817;113331;51818;2;33;33;39
17520;21861;131166;105124;131169;105125;1;35;36;36
23520;73170;439020;141121;439023;141122;2;35;33;29
54161;12163;72978;324967;72981;324968;1;34;33;28
65286;54057;324342;391717;324345;391718;0;36;36;23
45673;59668;358008;274042;358011;274043;0;58;58;22
68151;56686;340116;408910;340119;408911;0;36;36;30
68151;44667;268002;408907;268005;408908;0;27;27;23
24488;14941;89646;146932;89649;146933;2;39;40;24
72226;80558;483348;433357;483351;433358;0;32;32;24
83712;11627;69762;502273;69765;502274;0;33;33;27
97914;21767;130602;587485;130605;587486;0;35;35;25
41302;90502;543012;247816;543015;247817;0;32;32;28
97517;20689;124134;585106;124137;585107;1;52;52;24
16109;39029;234174;96658;234177;96659;0;32;32;23
24143;97173;583038;144862;583041;144863;0;31;31;26
70766;62894;377364;424600;377367;424601;3;52;54;26
93359;39908;239448;560158;239451;560159;3;40;42;24
93359;60782;364692;560155;364695;560156;0;42;42;21
19349;25058;150348;116098;150351;116099;0;32;32;29
12356;96878;581268;74137;581271;74138;0;33;33;28
14839;53750;322500;89035;322503;89036;1;43;42;27
24704;93279;559674;148225;559677;148226;1;34;34;19
61260;28603;171618;367564;171621;367565;1;30;29;30
68420;22204;133224;410521;133227;410522;1;38;38;23
84241;2909;17454;505450;17457;505451;0;40;40;29
87965;21719;130314;527791;130317;527792;3;34;32;29
87965;70422;422532;527794;422535;527795;1;32;31;24
34917;9618;57708;209503;57711;209504;0;30;30;30
71391;85053;510318;428350;510321;428351;0;35;35;27
71391;82647;495882;428347;495885;428348;1;30;31;26
89793;72238;433428;538762;433431;538763;1;24;23;29
11191;68607;411642;67147;411645;67148;3;32;29;27
5341;51590;309540;32047;309543;32048;0;36;36;28
5341;7273;43638;32050;43641;32051;2;30;30;25
50255;40284;241704;301534;241707;301535;1;27;28;24
51686;6434;38604;310120;38607;310121;1;33;34;31
89178;77355;464130;535072;464133;535073;1;29;28;26
68960;10774;64644;413764;64647;413765;0;32;32;23
697;95237;571422;4183;571425;4184;0;35;35;20
6760;89932;539592;40561;539595;40562;1;26;26;26
49882;85135;510810;299296;510813;299297;0;34;34;24
2045;29028;174168;12274;174171;12275;0;35;35;32
4143;62996;377976;24859;377979;24860;0;31;31;32
4143;16008;96048;24862;96051;24863;3;28;29;24
68738;26369;158214;412429;158217;412430;2;32;34;28
68738;96261;577566;412432;577569;412433;3;34;33;27
34450;32808;196848;206704;196851;206705;1;29;28;30
3117;37442;224652;18706;224655;18707;2;37;39;31
81474;27367;164202;488848;164205;488849;1;31;31;23
82791;57259;343554;496750;343557;496751;0;38;38;26
4446;21586;129516;26677;129519;26678;0;37;37;29
8059;26492;158952;48358;158955;48359;0;37;37;32
8059;6513;39078;48355;39081;48356;0;32;32;28
74713;20456;122736;448282;122739;448283;1;40;41;26
70307;82514;495084;421846;495087;421847;3;50;51;27
29594;42591;255546;177565;255549;177566;0;31;31;24
46121;65411;392466;276727;392469;276728;0;55;55;23
60843;13279;79674;365059;79677;365060;1;21;20;32
61690;54651;327906;370141;327909;370142;3;65;64;36
98930;94981;569886;593584;569889;593585;1;34;34;39
99277;33028;198168;595663;198171;595664;0;44;44;27
99277;11212;67272;595666;67275;595667;0;38;38;26
14317;47933;287598;85903;287601;85904;0;35;35;37
6865;58406;350436;41194;350439;41195;1;22;23;40
54186;40162;240972;325120;240975;325121;0;31;31;29
54186;94068;564408;325117;564411;325118;1;26;26;27
55017;28607;171642;330106;171645;330107;1;54;53;27
87985;30780;184680;527914;184683;527915;3;48;47;33
89203;67562;405372;535222;405375;535223;2;31;31;30
89203;64026;384156;535219;384159;535220;0;32;32;25
89206;80071;480426;535240;480429;535241;3;29;29;39
90969;39164;234984;545818;234987;545819;3;44;45;32
91038;78967;473802;546229;473805;546230;1;47;47;33
98271;19429;116574;589627;116577;589628;0;29;29;36
98271;62314;373884;589630;373887;589631;3;43;46;32
99392;52016;312096;596356;312099;596357;1;23;23;33
9467;22232;133392;56803;133395;56804;1;33;33;30
9467;45767;274602;56806;274605;56807;0;33;33;29
40656;95233;571398;243940;571401;243941;0;31;31;38
43333;97886;587316;259999;587319;260000;0;30;30;32
64003;96752;580512;384022;580515;384023;1;37;37;19
68707;49100;294600;412243;294603;412244;0;34;34;32
32061;30944;185664;192367;185667;192368;0;46;46;35
32061;49688;298128;192370;298131;192371;1;38;38;32
49538;67273;403638;297232;403641;297233;0;31;31;32
49538;53392;320352;297229;320355;297230;1;28;29;31
78571;47933;287598;471427;287601;471428;0;35;35;37
2683;38522;231132;16099;231135;16100;2;28;26;38
28217;54019;324114;169303;324117;169304;0;39;39;39
28217;76953;461718;169306;461721;169307;3;47;47;27
3577;31905;191430;21463;191433;21464;0;31;31;39
9597;50539;303234;57586;303237;57587;1;43;43;35
9597;69833;418998;57583;419001;57584;2;48;49;31
13235;80719;484314;79414;484317;79415;0;40;40;38
13235;85802;514812;79411;514815;79412;0;25;25;36
20325;92867;557202;121954;557205;121955;0;38;38;25
21503;92592;555552;129022;555555;129023;0;32;32;27
32465;49733;298398;194791;298401;194792;1;38;39;38
33288;85740;514440;199729;514443;199730;0;43;43;37
33998;21354;128124;203989;128127;203990;2;32;33;32
33998;17217;103302;203992;103305;203993;2;42;43;29
47930;2162;12972;287584;12975;287585;0;43;43;40
54256;84811;508866;325540;508869;325541;0;32;32;29
56040;21341;128046;336244;128049;336245;0;42;42;24
56587;22908;137448;339526;137451;339527;1;61;60;36
60992;27968;167808;365953;167811;365954;0;25;25;36
60992;1290;7740;365956;7743;365957;0;41;41;28
83100;29217;175302;498601;175305;498602;1;37;37;27
100080;81341;488046;600481;488049;600482;0;37;37;31
100080;13084;78504;600484;78507;600485;0;30;30;25
13977;62388;374328;83866;374331;83867;0;38;38;34
13977;96160;576960;83863;576963;83864;0;48;48;29
38945;89383;536298;233671;536301;233672;0;36;36;23
54869;93227;559362;329218;559365;329219;2;52;52;39
65862;2995;17970;395176;17973;395177;0;37;37;24
60388;74253;445518;362329;445521;362330;0;31;31;38
76341;22476;134856;458047;134859;458048;0;37;37;31
91951;5536;33216;551710;33219;551711;1;48;48;36
91951;43718;262308;551707;262311;551708;3;30;30;24
98914;3170;19020;593485;19023;593486;1;41;42;36
98914;70561;423366;593488;423369;593489;1;42;42;32
16968;79215;475290;101812;475293;101813;0;31;31;31
39749;41800;250800;238495;250803;238496;1;27;27;30
39749;24589;147534;238498;147537;238499;0;26;26;28
16466;27226;163356;98797;163359;98798;0;43;43;38
16466;31416;188496;98800;188499;98801;3;38;39;33
19318;64130;384780;115912;384783;115913;1;28;29;29
19318;33318;199908;115909;199911;115910;0;31;31;24
25862;6942;41652;155173;41655;155174;0;44;44;34
35145;25300;151800;210871;151803;210872;0;30;30;32
47382;31349;188094;284293;188097;284294;2;30;31;27
67131;77764;466584;402787;466587;402788;0;32;32;38
67131;73364;440184;402790;440187;402791;0;46;46;33
80959;80395;482370;485758;482373;485759;1;43;43;38
2387;33473;200838;14326;200841;14327;2;29;29;35
8394;19838;119028;50365;119031;50366;0;34;34;37
16617;70022;420132;99706;420135;99707;0;28;28;37
16617;90403;542418;99703;542421;99704;1;39;40;35
22881;70913;425478;137290;425481;137291;0;25;25;37
25373;94084;564504;152242;564507;152243;1;31;32;30
41802;67946;407676;250816;407679;250817;0;28;28;35
42896;4487;26922;257377;26925;257378;0;31;31;40
42896;8077;48462;257380;48465;257381;2;33;32;28
52343;75644;453864;314062;453867;314063;2;40;38;34
56360;944;5664;338164;5667;338165;0;33;33;39
58000;10555;63330;348004;63333;348005;0;26;26;36
58000;88883;533298;348001;533301;348002;1;39;40;26
67769;50539;303234;406618;303237;406619;0;43;43;29
67769;1338;8028;406615;8031;406616;0;37;37;26
68405;1338;8028;410434;8031;410435;0;37;37;26
77287;85740;514440;463726;514443;463727;0;43;43;31
77287;58556;351336;463723;351339;463724;0;29;29;25
96452;79755;478530;578713;478533;578714;2;34;32;32
42054;41191;247146;252325;247149;252326;1;34;33;32
42054;29454;176724;252328;176727;252329;0;31;31;23
44496;24680;148080;266980;148083;266981;0;34;34;31
57158;41416;248496;342949;248499;342950;2;34;35;31
54086;27621;165726;324517;165729;324518;2;48;46;32
34218;45580;273480;205309;273483;205310;1;32;32;31
68010;71524;429144;408061;429147;408062;0;32;32;27
75973;92882;557292;455842;557295;455843;0;50;50;29
75973;98590;591540;455839;591543;455840;1;42;43;25
83086;69933;419598;498520;419601;498521;0;32;32;27
7523;13854;83124;45142;83127;45143;2;28;28;39
7523;67526;405156;45139;405159;45140;0;37;37;26
24581;6306;37836;147487;37839;147488;0;30;30;39
24581;41730;250380;147490;250383;147491;0;29;29;35
81180;13425;80550;487081;80553;487082;0;38;38;23
81180;16172;97032;487084;97035;487085;0;38;38;20
47716;4728;28368;286300;28371;286301;0;40;40;22
6360;67846;407076;38164;407079;38165;0;37;37;21
60216;37808;226848;361297;226851;361298;0;44;44;30
60216;46777;280662;361300;280665;361301;0;47;47;26
10879;30959;185754;65278;185757;65279;0;46;46;25
15186;57340;344040;91120;344043;91121;0;60;60;24
18466;66205;397230;110797;397233;110798;0;32;32;37
18466;93013;558078;110800;558081;110801;0;34;34;23
29793;6875;41250;178759;41253;178760;0;36;36;31
37749;25234;151404;226495;151407;226496;1;35;34;33
65258;70088;420528;391552;420531;391553;0;35;35;24
88554;92410;554460;531325;554463;531326;0;35;35;27
7218;22684;136104;43309;136107;43310;0;28;28;37
12233;62211;373266;73399;373269;73400;0;32;32;26
71518;36490;218940;429112;218943;429113;0;35;35;37
83794;5354;32124;502765;32127;502766;0;25;25;24
17341;53355;320130;104050;320133;104051;0;35;35;34
57850;53355;320130;347104;320133;347105;0;35;35;34
9274;19725;118350;55648;118353;55649;0;32;32;31
15897;2532;15192;95386;15195;95387;0;53;53;23
15897;85651;513906;95383;513909;95384;3;44;45;22
23504;93177;559062;141028;559065;141029;0;38;38;35
23504;23125;138750;141025;138753;141026;0;46;46;33
28952;36717;220302;173713;220305;173714;0;46;46;26
51949;17551;105306;311695;105309;311696;2;61;60;29
90599;70801;424806;543598;424809;543599;0;41;41;24
4365;12243;73458;26194;73461;26195;0;36;36;25
21246;70253;421518;127477;421521;127478;0;27;27;37
21685;70794;424764;130114;424767;130115;0;35;35;36
93421;55100;330600;560527;330603;560528;1;39;39;29
1013;48765;292590;6082;292593;6083;0;30;30;38
2924;81901;491406;17545;491409;17546;1;46;45;35
2924;63257;379542;17548;379545;17549;0;42;42;32
27185;24212;145272;163114;145275;163115;1;40;40;30
42128;88618;531708;252772;531711;252773;0;37;37;30
94467;90405;542430;566806;542433;566807;1;44;44;31
99840;72806;436836;599041;436839;599042;1;52;52;36
58162;20109;120654;348976;120657;348977;0;43;43;38
99343;98212;589272;596062;589275;596063;0;36;36;37
70565;22355;134130;423394;134133;423395;1;41;40;27
70565;45360;272160;423391;272163;423392;0;31;31;20
61641;71754;430524;369847;430527;369848;0;41;41;34
61641;56486;338916;369850;338919;369851;0;31;31;33
77621;8099;48594;465727;48597;465728;0;32;32;34
77621;32247;193482;465730;193485;465731;0;40;40;25
85734;90293;541758;514405;541761;514406;0;48;48;36
85734;930;5580;514408;5583;514409;0;64;64;28
87113;63937;383622;522682;383625;522683;1;45;45;33
87113;68615;411690;522679;411693;522680;0;39;39;25
95601;8014;48084;573610;48087;573611;0;53;53;31
100825;8574;51444;604954;51447;604955;0;36;36;30
57744;99289;595734;346468;595737;346469;3;44;47;28
76390;1501;9006;458341;9009;458342;0;34;34;34
76390;26133;156798;458344;156801;458345;0;34;34;23
26572;57406;344436;159433;344439;159434;0;50;50;32
26572;61899;371394;159436;371397;159437;0;32;32;26
68163;22178;133068;408979;133071;408980;0;48;48;37
68163;53617;321702;408982;321705;408983;0;38;38;34
83886;14022;84132;503320;84135;503321;0;31;31;28
83886;14666;87996;503317;87999;503318;1;46;47;24
8982;4155;24930;53893;24933;53894;0;38;38;36
8982;56234;337404;53896;337407;53897;0;30;30;35
30036;48131;288786;180217;288789;180218;0;45;45;27
30036;11704;70224;180220;70227;180221;0;31;31;27
53727;96933;581598;322366;581601;322367;0;37;37;40
53727;94291;565746;322363;565749;322364;0;27;27;34
56611;22492;134952;339667;134955;339668;0;39;39;37
56611;68149;408894;339670;408897;339671;0;35;35;33
68065;51805;310830;408394;310833;408395;2;37;39;36
68666;100167;601002;412000;601005;412001;0;30;30;28
68666;75310;451860;411997;451863;411998;0;42;42;27
70900;67873;407238;425401;407241;425402;0;36;36;26
78960;8005;48030;473764;48033;473765;0;32;32;38
54969;66945;401670;329818;401673;329819;1;37;36;31
54969;88230;529380;329815;529383;329816;0;40;40;25
59543;53462;320772;357259;320775;357260;0;30;30;35
60632;17579;105474;363793;105477;363794;0;30;30;35
60632;82469;494814;363796;494817;363797;0;41;41;23
77635;98146;588876;465811;588879;465812;0;44;44;25
77635;43128;258768;465814;258771;465815;0;47;47;25
88379;22164;132984;530275;132987;530276;0;32;32;35
88379;67519;405114;530278;405117;530279;0;40;40;19
10903;92097;552582;65419;552585;65420;0;31;31;35
10903;84822;508932;65419;508935;65420;0;31;31;35
15089;54274;325644;90538;325647;90539;0;31;31;28
25026;62627;375762;150160;375765;150161;1;35;34;34
25026;37916;227496;150157;227499;150158;0;43;43;21
25480;88055;528330;152884;528333;152885;0;32;32;40
25480;60906;365436;152881;365439;152882;0;27;27;34
46804;92097;552582;280825;552585;280826;0;31;31;35
46804;84822;508932;280825;508935;280826;0;31;31;35
70744;28451;170706;424465;170709;424466;0;50;50;34
26003;58186;349116;156019;349119;156020;0;31;31;32
40399;59776;358656;242395;358659;242396;0;43;43;32
40399;62800;376800;242398;376803;242399;0;29;29;29
55768;29494;176964;334612;176967;334613;0;32;32;22
82676;13643;81858;496057;81861;496058;0;29;29;24
82676;26139;156834;496060;156837;496061;0;31;31;22
42632;28241;169446;255796;169449;255797;0;36;36;21
65109;12333;73998;390658;74001;390659;0;31;31;33
80425;21526;129156;482551;129159;482552;0;40;40;28
80425;32230;193380;482554;193383;482555;0;45;45;18
12652;68688;412128;75916;412131;75917;0;36;36;33
12652;89834;539004;75913;539007;75914;0;30;30;25
25448;81035;486210;152689;486213;152690;0;35;35;35
33563;13839;83034;201379;83037;201380;0;31;31;34
33563;90545;543270;201382;543273;201383;0;35;35;22
33563;57143;342858;201379;342861;201380;3;31;31;17
52585;1794;10764;315514;10767;315515;0;46;46;39
67739;16076;96456;406438;96459;406439;0;34;34;28
67739;39145;234870;406435;234873;406436;0;36;36;28
73944;3479;20874;443668;20877;443669;0;32;32;39
73944;9120;54720;443668;54723;443669;3;33;32;21
77896;63571;381426;467377;381429;467378;0;31;31;25
77896;60209;361254;467380;361257;467381;0;34;34;25
82237;51132;306792;493423;306795;493424;0;39;39;37
88104;72495;434970;528625;434973;528626;1;27;27;39
88104;40577;243462;528628;243465;528629;0;33;33;35
92176;81619;489714;553060;489717;553061;0;36;36;32
45090;93288;559728;270541;559731;270542;0;38;38;30
45090;86585;519510;270544;519513;270545;0;29;29;24
95754;45146;270876;574528;270879;574529;0;37;37;28
95754;55821;334926;574525;334929;574526;0;55;55;25
99380;80316;481896;596284;481899;596285;0;32;32;26
1275;100568;603408;7651;603411;7652;0;29;29;32
1275;85788;514728;7654;514731;7655;0;33;33;26
6769;57403;344418;40618;344421;40619;0;38;38;28
9821;56674;340044;58927;340047;58928;0;31;31;29
9821;100645;603870;58930;603873;58931;0;28;28;26
29579;3194;19164;177478;19167;177479;0;29;29;38
29579;63683;382098;177475;382101;177476;0;32;32;37
86670;40577;243462;520021;243465;520022;0;33;33;35
86670;49298;295788;520024;295791;520025;0;32;32;26
99240;67427;404562;595441;404565;595442;0;36;36;29
99240;63208;379248;595444;379251;595445;0;25;25;26
99785;82835;497010;598711;497013;598712;0;31;31;38
99785;52764;316584;598714;316587;598715;0;27;27;29
16004;41540;249240;96025;249243;96026;0;31;31;28
73917;93825;562950;443503;562953;443504;0;34;34;35
73917;100645;603870;443506;603873;443507;3;28;26;27
73917;98743;592458;443506;592461;443507;3;24;26;16
87340;23289;139734;524044;139737;524045;1;37;36;40
88059;39885;239310;528355;239313;528356;0;33;33;30
88059;99529;597174;528358;597177;528359;0;36;36;26
57345;32416;194496;344071;194499;344072;2;33;33;25
55444;23921;143526;332668;143529;332669;0;37;37;20
79184;25356;152136;475105;152139;475106;2;30;31;26
29036;73184;439104;174217;439107;174218;3;40;37;25
63960;19422;116532;383764;116535;383765;3;28;27;23
88988;29602;177612;533929;177615;533930;3;37;38;22
70894;55213;331278;425368;331281;425369;2;34;36;26
26420;28448;170688;158524;170691;158525;1;33;33;22
30587;88790;532740;183526;532743;183527;2;42;44;24
100237;49167;295002;601423;295005;601424;1;38;39;22
68553;20596;123576;411319;123579;411320;3;36;34;25
15584;11665;69990;93508;69993;93509;1;38;39;25
6610;26492;158952;39664;158955;39665;0;37;37;24
14792;91911;551466;88756;551469;88757;2;36;36;23
90217;14968;89808;541306;89811;541307;1;33;32;23
94901;90557;543342;569410;543345;569411;0;36;36;25
12785;118;708;76711;711;76712;1;33;33;27
10836;90557;543342;65020;543345;65021;0;36;36;25
33281;52173;313038;199687;313041;199688;3;38;37;25
26956;74113;444678;161740;444681;161741;0;41;41;24
50543;77557;465342;303262;465345;303263;0;30;30;24
29085;21719;130314;174514;130317;174515;2;34;34;22
86277;56224;337344;517663;337347;517664;0;30;30;26
3532;33164;198984;21193;198987;21194;0;30;30;24
80387;81342;488052;482326;488055;482327;0;30;30;23
21603;29028;174168;129622;174171;129623;0;35;35;25
85761;57169;343014;514570;343017;514571;2;35;37;25
12228;48861;293166;73372;293169;73373;3;35;33;27
12228;84773;508638;73372;508641;73373;3;35;33;27
15848;56511;339066;95092;339069;95093;2;41;41;26
35569;42449;254694;213418;254697;213419;2;36;35;26
71203;42474;254844;427222;254847;427223;0;33;33;24
11344;37185;223110;68068;223113;68069;0;32;32;23
36655;21034;126204;219931;126207;219932;0;41;41;27
27485;65264;391584;164914;391587;164915;1;35;34;24
76440;10664;63984;458641;63987;458642;3;42;41;26
69197;74181;445086;415186;445089;415187;0;30;30;24
88021;41094;246564;528127;246567;528128;3;32;30;24
88021;84445;506670;528130;506673;528131;1;28;28;21
21189;71176;427056;127138;427059;127139;1;37;37;22
31205;39881;239286;187234;239289;187235;0;35;35;22
88270;15150;90900;529621;90903;529622;2;34;35;26
73968;21041;126246;443812;126249;443813;1;34;35;18
30515;56011;336066;183094;336069;183095;0;23;23;26
97329;100637;603822;583978;603825;583979;0;34;34;24
99649;53574;321444;597898;321447;597899;1;40;39;24
99649;35944;215664;597895;215667;597896;0;39;39;22
11399;94109;564654;68398;564657;68399;0;35;35;27
97327;13769;82614;583966;82617;583967;2;33;33;24
27643;12079;72474;165862;72477;165863;3;51;52;22
9614;78058;468348;57685;468351;57686;1;21;22;25
66255;2454;14724;397534;14727;397535;0;42;42;29
89371;47665;285990;536230;285993;536231;0;47;47;26
94310;43379;260274;565861;260277;565862;0;36;36;35
94310;62940;377640;565864;377643;565865;0;44;44;26
95156;76889;461334;570940;461337;570941;0;25;25;23
95192;20977;125862;571156;125865;571157;1;43;43;31
27036;49038;294228;162217;294231;162218;0;36;36;31
87159;4493;26958;522955;26961;522956;0;31;31;29
82148;44616;267696;492892;267699;492893;1;40;39;32
3800;85799;514794;22804;514797;22805;1;34;33;27
30559;93013;558078;183358;558081;183359;0;34;34;29
30559;58630;351780;183355;351783;183356;0;60;60;29
68891;1136;6816;413347;6819;413348;0;40;40;31
68891;46611;279666;413350;279669;413351;1;44;44;25
69332;51955;311730;415996;311733;415997;0;42;42;33
69332;3400;20400;415993;20403;415994;0;35;35;33
70285;36002;216012;421711;216015;421712;0;33;33;26
70285;97140;582840;421714;582843;421715;0;35;35;26
90680;29432;176592;544084;176595;544085;0;52;52;34
90680;53083;318498;544081;318501;544082;0;39;39;27
30545;16666;99996;183271;99999;183272;3;27;24;30
39185;41187;247122;235111;247125;235112;0;30;30;33
75497;15203;91218;452983;91221;452984;0;39;39;31
78744;17893;107358;472465;107361;472466;0;32;32;29
84520;8121;48726;507121;48729;507122;0;37;37;35
84520;4493;26958;507124;26961;507125;0;31;31;29
32177;7643;45858;193066;45861;193067;1;37;37;29
37766;100602;603612;226600;603615;226601;0;27;27;32
18245;66413;398478;109474;398481;109475;0;32;32;38
18245;62782;376692;109471;376695;109472;0;26;26;33
88308;65777;394662;529852;394665;529853;1;36;35;29
93107;65777;394662;558646;394665;558647;1;36;35;29
26911;92908;557448;161467;557451;161468;0;29;29;26
27823;96147;576882;166942;576885;166943;0;36;36;28
27823;44372;266232;166939;266235;166940;0;38;38;27
37969;70854;425124;227815;425127;227816;0;34;34;33
51602;13247;79482;309616;79485;309617;0;32;32;32
51602;60200;361200;309613;361203;309614;0;36;36;24
52932;10169;61014;317596;61017;317597;0;30;30;30
54985;62280;373680;329914;373683;329915;0;30;30;31
56154;29190;175140;336925;175143;336926;0;38;38;36
56154;85477;512862;336928;512865;336929;1;35;34;26
66496;95359;572154;398980;572157;398981;0;32;32;36
66496;78416;470496;398977;470499;398978;0;40;40;29
73245;90223;541338;439474;541341;439475;0;53;53;29
81261;63063;378378;487567;378381;487568;0;37;37;37
81261;45362;272172;487570;272175;487571;0;27;27;25
99820;56856;341136;598924;341139;598925;0;36;36;28
99820;94233;565398;598921;565401;598922;0;45;45;23
6425;29996;179976;38554;179979;38555;2;29;30;40
15296;12077;72462;91780;72465;91781;2;30;30;29
15296;6117;36702;91777;36705;91778;2;25;25;26
62460;263;1578;374761;1581;374762;1;56;56;28
62460;65100;390600;374764;390603;374765;0;33;33;21
81995;89415;536490;491974;536493;491975;0;33;33;38
81995;95961;575766;491971;575769;491972;0;31;31;21
85856;55105;330630;515140;330633;515141;0;35;35;29
2055;30145;180870;12334;180873;12335;0;28;28;39
10455;86418;518508;62731;518511;62732;0;34;34;26
10455;29363;176178;62734;176181;62735;0;32;32;24
15081;41451;248706;90490;248709;90491;0;36;36;28
58173;82573;495438;349042;495441;349043;0;33;33;34
58173;85764;514584;349039;514587;349040;0;38;38;28
63730;52287;313722;382384;313725;382385;0;38;38;20
71353;38250;229500;428122;229503;428123;0;34;34;35
71353;48491;290946;428119;290949;428120;0;27;27;28
78764;60023;360138;472585;360141;472586;0;31;31;32
89453;92763;556578;536722;556581;536723;0;37;37;25
6153;78335;470010;36922;470013;36923;0;53;53;36
36535;49977;299862;219211;299865;219212;0;33;33;38
36535;78297;469782;219214;469785;219215;0;51;51;27
64248;14118;84708;385489;84711;385490;0;30;30;40
84161;11899;71394;504970;71397;504971;0;27;27;29
9576;48683;292098;57460;292101;57461;0;35;35;28
21721;48683;292098;130327;292101;130328;0;35;35;28
31625;1359;8154;189751;8157;189752;0;39;39;38
31625;78033;468198;189754;468201;189755;0;46;46;19
35913;39230;235380;215479;235383;215480;0;21;21;37
39597;4887;29322;237583;29325;237584;0;28;28;32
39597;57686;346116;237583;346119;237584;3;28;28;31
39597;53427;320562;237586;320565;237587;0;30;30;30
97372;26534;159204;584236;159207;584237;0;30;30;35
97372;73970;443820;584233;443823;584234;0;35;35;26
2786;25314;151884;16720;151887;16721;0;37;37;35
6234;15956;95736;37405;95739;37406;0;37;37;25
11522;57393;344358;69136;344361;69137;0;32;32;37
11522;36268;217608;69133;217611;69134;0;41;41;34
12468;13896;83376;74812;83379;74813;0;31;31;30
20315;82353;494118;121894;494121;121895;0;28;28;30
20315;65465;392790;121891;392793;121892;2;40;41;23
23765;94882;569292;142594;569295;142595;0;33;33;30
23765;35335;212010;142591;212013;142592;2;24;25;30
26769;92245;553470;160618;553473;160619;0;32;32;33
27829;43285;259710;166978;259713;166979;0;33;33;26
32399;58153;348918;194398;348921;194399;0;36;36;21
43057;24862;149172;258343;149175;258344;0;38;38;37
43057;70882;425292;258346;425295;258347;2;55;56;28
64519;62981;377886;387115;377889;387116;0;31;31;28
64519;1414;8484;387118;8487;387119;0;27;27;25
65599;63511;381066;393595;381069;393596;0;23;23;29
65599;97941;587646;393598;587649;393599;0;30;30;25
67298;78493;470958;403789;470961;403790;0;34;34;36
67298;51435;308610;403792;308613;403793;0;35;35;28
64658;43398;260388;387952;260391;387953;0;42;42;35
15256;76924;461544;91540;461547;91541;0;47;47;38
24196;38061;228366;145177;228369;145178;3;49;48;36
24196;46768;280608;145180;280611;145181;0;29;29;31
33804;58798;352788;202828;352791;202829;0;25;25;36
33804;57243;343458;202825;343461;202826;0;41;41;31
68402;26258;157548;410413;157551;410414;2;54;54;37
68402;76037;456222;410416;456225;410417;0;49;49;33
15603;81495;488970;93622;488973;93623;0;39;39;39
15603;40661;243966;93619;243969;93620;0;39;39;30
31597;3791;22746;189583;22749;189584;0;37;37;29
31597;99911;599466;189586;599469;189587;0;42;42;26
60458;89053;534318;362752;534321;362753;0;54;54;38
1139;75887;455322;6835;455325;6836;0;33;33;37
5231;31247;187482;31390;187485;31391;0;39;39;30
8455;77170;463020;50734;463023;50735;0;57;57;33
9428;89131;534786;56569;534789;56570;0;50;50;34
9428;36056;216336;56572;216339;56573;0;40;40;25
9428;63145;378870;56572;378873;56573;0;40;40;25
15761;88625;531750;94570;531753;94571;1;31;31;25
24783;36056;216336;148702;216339;148703;0;40;40;25
24783;63145;378870;148702;378873;148703;0;40;40;25
34043;46807;280842;204259;280845;204260;0;56;56;33
34043;99660;597960;204262;597963;204263;0;37;37;22
41112;100346;602076;246676;602079;246677;0;41;41;39
41112;34794;208764;246673;208767;246674;0;30;30;33
48032;36056;216336;288196;216339;288197;0;40;40;25
48032;63145;378870;288196;378873;288197;0;40;40;25
51566;22709;136254;309400;136257;309401;0;33;33;27
51566;67182;403092;309397;403095;309398;0;50;50;25
65597;73538;441228;393583;441231;393584;0;37;37;34
65597;33380;200280;393586;200283;393587;0;36;36;23
70216;93466;560796;421300;560799;421301;0;58;58;32
70492;45361;272166;422956;272169;422957;0;37;37;27
79060;38061;228366;474361;228369;474362;0;49;49;36
79060;75294;451764;474364;451767;474365;0;42;42;21
96991;89131;534786;581947;534789;581948;0;50;50;34
96991;36056;216336;581950;216339;581951;0;40;40;25
96991;63145;378870;581950;378873;581951;0;40;40;25
47572;33225;199350;285436;199353;285437;0;37;37;19
56473;58216;349296;338842;349299;338843;1;42;43;28
63421;42974;257844;380530;257847;380531;0;42;42;38
63421;72767;436602;380527;436605;380528;0;27;27;33
82209;93421;560526;493255;560529;493256;0;60;60;34
82209;73475;440850;493258;440853;493259;0;34;34;27
87542;64034;384204;525253;384207;525254;0;36;36;33
93099;68131;408786;558598;408789;558599;0;30;30;26
93099;8864;53184;558595;53187;558596;0;37;37;25
72757;54175;325050;436546;325053;436547;0;32;32;31
72757;15319;91914;436543;91917;436544;0;39;39;25
20295;42747;256482;121774;256485;121775;0;31;31;30
98302;42;252;589813;255;589814;0;41;41;35
98302;37848;227088;589816;227091;589817;0;43;43;34
583;51949;311694;3499;311697;3500;1;54;53;31
583;59732;358392;3502;358395;3503;0;35;35;23
53364;68357;410142;320188;410145;320189;0;33;33;24
64122;13170;79020;384736;79023;384737;0;43;43;30
75088;21931;131586;450532;131589;450533;0;32;32;23
82271;45557;273342;493630;273345;493631;1;29;29;25
7440;41768;250608;44644;250611;44645;0;41;41;34
20886;62471;374826;125317;374829;125318;0;32;32;33
52715;57320;343920;316291;343923;316292;0;41;41;32
52715;77921;467526;316294;467529;316295;0;49;49;28
86156;17724;106344;516940;106347;516941;0;32;32;29
92306;3294;19764;553837;19767;553838;0;33;33;38
43633;96675;580050;261799;580053;261800;1;50;51;31
43633;8272;49632;261802;49635;261803;0;43;43;29
97201;100261;601566;583207;601569;583208;0;38;38;36
97201;61421;368526;583210;368529;583211;0;53;53;27
9663;78631;471786;57982;471789;57983;0;49;49;27
26924;98741;592446;161548;592449;161549;0;37;37;38
26924;23115;138690;161545;138693;161546;0;38;38;26
32801;34404;206424;196810;206427;196811;0;39;39;30
38297;26823;160938;229786;160941;229787;0;46;46;40
38297;22525;135150;229783;135153;229784;0;40;40;37
45773;90784;544704;274642;544707;274643;0;35;35;24
47291;25923;155538;283750;155541;283751;1;47;47;26
48851;67593;405558;293110;405561;293111;0;49;49;39
48851;3469;20814;293107;20817;293108;0;35;35;31
52202;35762;214572;313213;214575;313214;0;44;44;40
52202;81058;486348;313216;486351;313217;0;37;37;39
65202;25316;151896;391216;151899;391217;0;47;47;26
69697;35475;212850;418186;212853;418187;0;35;35;26
72974;11305;67830;437845;67833;437846;0;41;41;35
77123;86026;516156;462742;516159;462743;0;34;34;32
84936;45538;273228;509620;273231;509621;0;46;46;39
84936;10064;60384;509617;60387;509618;0;70;70;26
89348;27118;162708;536092;162711;536093;0;38;38;31
89348;11906;71436;536089;71439;536090;0;33;33;25
14573;100692;604152;87439;604155;87440;0;31;31;36
14573;3704;22224;87442;22227;87443;0;34;34;29
14573;84746;508476;87442;508479;87443;0;34;34;29
15206;79502;477012;91237;477015;91238;0;29;29;36
15206;35245;211470;91240;211473;91241;0;44;44;27
42927;68211;409266;257563;409269;257564;0;52;52;34
47786;26930;161580;286717;161583;286718;0;34;34;32
47786;56866;341196;286720;341199;286721;0;47;47;28
49467;52287;313722;296806;313725;296807;0;38;38;28
72963;84724;508344;437782;508347;437783;0;43;43;31
81573;97864;587184;489442;587187;489443;0;36;36;26
89868;5561;33366;539212;33369;539213;0;38;38;22
89868;45665;273990;539212;273993;539213;0;38;38;22
24487;74185;445110;146926;445113;146927;0;52;52;28
31567;14422;86532;189406;86535;189407;0;40;40;37
40812;46654;279924;244873;279927;244874;0;38;38;17
48758;25968;155808;292549;155811;292550;0;40;40;23
62748;97531;585186;376492;585189;376493;0;38;38;25
62748;33377;200262;376489;200265;376490;0;47;47;22
471;94040;564240;2830;564243;2831;0;32;32;35
471;60108;360648;2827;360651;2828;0;31;31;34
36560;59912;359472;219364;359475;219365;0;35;35;33
36560;9111;54666;219361;54669;219362;0;39;39;31
61353;7294;43764;368122;43767;368123;0;40;40;27
96062;77129;462774;576373;462777;576374;2;31;31;34
42352;93702;562212;254113;562215;254114;0;43;43;24
45464;8524;51144;272788;51147;272789;0;35;35;39
45464;97383;584298;272785;584301;272786;0;20;20;29
4597;100387;602322;27583;602325;27584;0;56;56;32
4597;20322;121932;27586;121935;27587;1;53;53;28
66711;30767;184602;400267;184605;400268;0;32;32;40
1771;49247;295482;10627;295485;10628;0;35;35;34
1771;2276;13656;10630;13659;10631;1;32;33;32
38022;48218;289308;228136;289311;228137;0;30;30;31
45963;48739;292434;275779;292437;275780;0;32;32;38
45963;99289;595734;275782;595737;275783;0;44;44;33
69306;276;1656;415840;1659;415841;0;36;36;33
70356;56596;339576;422140;339579;422141;3;35;38;32
82483;13643;81858;494899;81861;494900;0;29;29;34
82483;63511;381066;494902;381069;494903;0;23;23;26
67423;5036;30216;404542;30219;404543;0;36;36;23
13531;63710;382260;81187;382263;81188;0;32;32;33
36525;98829;592974;219154;592977;219155;0;33;33;26
83164;3648;21888;498988;21891;498989;0;41;41;38
83164;3768;22608;498985;22611;498986;0;47;47;37
54621;6674;40044;327727;40047;327728;0;28;28;33
54621;6427;38562;327730;38565;327731;0;36;36;23
86528;99615;597690;519169;597693;519170;1;43;43;25
6751;62434;374604;40510;374607;40511;0;32;32;38
6751;58699;352194;40507;352197;40508;1;60;60;32
31506;50311;301866;189037;301869;189038;0;40;40;32
38150;93890;563340;228901;563343;228902;0;59;59;28
43227;98257;589542;259366;589545;259367;0;24;24;27
58977;93894;563364;353866;563367;353867;0;30;30;33
58977;88851;533106;353863;533109;353864;0;33;33;30
69957;25313;151878;419746;151881;419747;0;25;25;34
69957;29126;174756;419743;174759;419744;0;43;43;25
87715;88740;532440;526291;532443;526292;0;41;41;30
87715;51534;309204;526294;309207;526295;0;32;32;22
90122;25893;155358;540733;155361;540734;0;40;40;34
99365;34511;207066;596191;207069;596192;0;36;36;40
99365;27027;162162;596194;162165;596195;0;53;53;31
19953;66945;401670;119719;401673;119720;1;37;36;36
19953;7360;44160;119722;44163;119723;0;36;36;33
46323;97937;587622;277939;587625;277940;0;33;33;35
46323;81180;487080;277942;487083;277943;0;28;28;27
51835;43415;260490;311014;260493;311015;1;56;56;34
51835;2395;14370;311011;14373;311012;0;43;43;27
56433;89053;534318;338599;534321;338600;0;54;54;31
62650;88851;533106;375901;533109;375902;0;33;33;37
62650;94425;566550;375904;566553;375905;0;42;42;25
10567;97996;587976;63403;587979;63404;1;38;37;38
19762;24131;144786;118576;144789;118577;0;32;32;38
26837;79931;479586;161026;479589;161027;0;38;38;31
46905;48137;288822;281431;288825;281432;0;31;31;39
46905;33163;198978;281434;198981;281435;0;36;36;38
55039;23498;140988;330238;140991;330239;0;32;32;26
66170;18333;109998;397024;110001;397025;0;37;37;29
94637;75962;455772;567826;455775;567827;0;29;29;37
94637;37091;222546;567823;222549;567824;0;29;29;29
79348;48683;292098;476092;292101;476093;0;35;35;32
21501;49455;296730;129007;296733;129008;0;50;50;34
89044;96120;576720;534265;576723;534266;0;40;40;30
12352;98915;593490;74116;593493;74117;1;41;42;28
4734;95500;573000;28408;573003;28409;0;34;34;32
12388;28513;171078;74329;171081;74330;0;33;33;23
19759;2491;14946;118558;14949;118559;0;36;36;27
24616;4922;29532;147700;29535;147701;0;58;58;36
30711;4820;28920;184270;28923;184271;0;61;61;37
41219;84889;509334;247315;509337;247316;0;41;41;26
49112;41574;249444;294673;249447;294674;0;37;37;32
49112;22966;137796;294676;137799;294677;0;41;41;26
67578;88392;530352;405472;530355;405473;0;35;35;35
67872;77599;465594;407233;465597;407234;0;53;53;28
67872;13391;80346;407236;80349;407237;0;32;32;26
72766;42157;252942;436600;252945;436601;0;43;43;37
72766;52609;315654;436597;315657;436598;0;24;24;34
75337;28241;169446;452023;169449;452024;0;36;36;38
75337;74660;447960;452026;447963;452027;0;28;28;20
75423;18274;109644;452539;109647;452540;0;33;33;29
81018;55599;333594;486112;333597;486113;0;34;34;28
88572;36348;218088;531433;218091;531434;1;42;42;26
29822;40023;240138;178936;240141;178937;0;62;62;34
43287;36636;219816;259723;219819;259724;0;34;34;30
56537;96154;576924;339226;576927;339227;0;29;29;31
56537;7700;46200;339223;46203;339224;0;36;36;29
78281;100785;604710;469690;604713;469691;0;45;45;31
81996;96524;579144;491980;579147;491981;0;42;42;20
87325;12922;77532;523954;77535;523955;0;30;30;30
98970;2036;12216;593821;12219;593822;0;28;28;30
98970;35005;210030;593824;210033;593825;0;43;43;25
14492;65367;392202;86956;392205;86957;0;28;28;39
49389;42957;257742;296335;257745;296336;0;31;31;29
54671;7090;42540;328030;42543;328031;0;26;26;39
54671;88210;529260;328027;529263;328028;0;53;53;39
42966;20409;122454;257800;122457;257801;0;46;46;30
239;33758;202548;1438;202551;1439;0;31;31;40
15713;18907;113442;94279;113445;94280;0;29;29;29
29665;19233;115398;177991;115401;177992;0;28;28;26
29665;73822;442932;177994;442935;177995;0;49;49;24
30103;42747;256482;180619;256485;180620;0;31;31;35
31363;42026;252156;188182;252159;188183;1;32;32;27
37735;29;174;226414;177;226415;0;29;29;29
37735;50416;302496;226411;302499;226412;0;42;42;27
46257;60645;363870;277543;363873;277544;0;45;45;30
46257;20254;121524;277546;121527;277547;0;24;24;29
50414;87103;522618;302485;522621;302486;0;35;35;28
82566;86444;518664;495400;518667;495401;0;25;25;38
82566;37875;227250;495400;227253;495401;0;25;25;35
89347;26341;158046;536083;158049;536084;0;54;54;28
3854;87424;524544;23125;524547;23126;0;27;27;39
3854;43196;259176;23128;259179;23129;0;38;38;23
99770;24836;149016;598624;149019;598625;0;37;37;38
99770;78836;473016;598621;473019;598622;0;27;27;36
72822;35065;210390;436936;210393;436937;0;42;42;24
97186;26539;159234;583120;159237;583121;0;35;35;30
97186;7193;43158;583117;43161;583118;0;31;31;30
98693;8309;49854;592159;49857;592160;0;39;39;37
98693;71114;426684;592162;426687;592163;0;48;48;34
7746;52246;313476;46480;313479;46481;0;42;42;39
11492;23526;141156;68956;141159;68957;0;56;56;39
21201;37907;227442;127207;227445;127208;0;39;39;25
21201;1867;11202;127210;11205;127211;0;33;33;22
21370;13648;81888;128224;81891;128225;0;35;35;27
21370;88523;531138;128221;531141;128222;0;44;44;24
25224;34781;208686;151345;208689;151346;0;41;41;35
25224;66942;401652;151348;401655;151349;0;41;41;27
26375;95580;573480;158254;573483;158255;0;42;42;35
26375;90263;541578;158251;541581;158252;0;39;39;27
29728;16409;98454;178369;98457;178370;0;58;58;32
48441;30458;182748;290650;182751;290651;0;57;57;32
48441;29938;179628;290647;179631;290648;0;65;65;26
56504;79308;475848;339025;475851;339026;0;45;45;28
77563;74874;449244;465379;449247;465380;0;38;38;34
83962;22490;134940;503776;134943;503777;0;28;28;28
88352;48839;293034;530116;293037;530117;0;43;43;30
88352;82285;493710;530113;493713;530114;0;33;33;26
91102;68055;408330;546616;408333;546617;0;39;39;36
91102;71383;428298;546613;428301;546614;0;39;39;35
95254;35945;215670;571528;215673;571529;0;33;33;39
96169;22166;132996;577018;132999;577019;0;45;45;26
96169;32218;193308;577015;193311;577016;0;46;46;24
18407;34038;204228;110446;204231;110447;0;43;43;34
22408;12198;73188;134452;73191;134453;0;30;30;36
29327;66600;399600;175966;399603;175967;0;30;30;33
29327;29168;175008;175963;175011;175964;0;29;29;31
24818;57368;344208;148909;344211;148910;0;31;31;31
25721;69287;415722;154327;415725;154328;0;47;47;33
25721;39789;238734;154330;238737;154331;0;47;47;22
26649;3410;20460;159895;20463;159896;0;47;47;39
26649;88962;533772;159898;533775;159899;0;36;36;39
55993;3549;21294;335962;21297;335963;0;50;50;35
55993;51699;310194;335959;310197;335960;0;36;36;35
56831;24543;147258;340987;147261;340988;0;55;55;37
93170;84955;509730;559021;509733;559022;0;40;40;29
93170;77177;463062;559024;463065;559025;0;62;62;29
93974;17164;102984;563845;102987;563846;0;54;54;32
93974;2611;15666;563848;15669;563849;0;43;43;28
96929;18514;111084;581575;111087;581576;0;44;44;27
96929;18548;111288;581578;111291;581579;0;63;63;27
98860;46958;281748;593161;281751;593162;0;47;47;35
98860;85372;512232;593164;512235;593165;0;39;39;23
11164;42992;257952;66988;257955;66989;0;31;31;24
46070;81309;487854;276421;487857;276422;0;51;51;35
46070;18325;109950;276424;109953;276425;0;39;39;25
58754;43310;259860;352525;259863;352526;0;38;38;32
60167;63620;381720;361003;381723;361004;0;37;37;37
60167;89273;535638;361006;535641;361007;0;32;32;36
61352;95103;570618;368116;570621;368117;0;42;42;29
76403;48065;288390;458419;288393;458420;0;28;28;31
77335;95293;571758;464014;571761;464015;0;41;41;26
84015;627;3762;504094;3765;504095;0;55;55;36
84015;44111;264666;504091;264669;504092;0;37;37;35
98517;62354;374124;591103;374127;591104;0;41;41;29
98517;37437;224622;591106;224625;591107;0;33;33;27
87752;26538;159228;526513;159231;526514;0;39;39;38
75872;32073;192438;455236;192441;455237;0;48;48;31
16856;54241;325446;101137;325449;101138;0;47;47;25
26266;5858;35148;157600;35151;157601;0;76;76;39
32123;14211;85266;192739;85269;192740;0;38;38;25
70840;45109;270654;425041;270657;425042;0;49;49;29
70840;88452;530712;425044;530715;425045;0;65;65;25
98840;54423;326538;593044;326541;593045;0;36;36;24
8873;53727;322362;53242;322365;53243;0;33;33;28
15698;76556;459336;94189;459339;94190;0;49;49;32
15698;98522;591132;94192;591135;94193;0;60;60;31
16616;63436;380616;99700;380619;99701;1;38;39;26
25049;75294;451764;150298;451767;150299;2;42;41;30
27587;51902;311412;165526;311415;165527;0;29;29;30
27587;8190;49140;165523;49143;165524;1;33;34;24
55390;60058;360348;332341;360351;332342;0;34;34;34
55390;66388;398328;332344;398331;332345;0;51;51;24
66226;67087;402522;397360;402525;397361;0;39;39;37
82804;49989;299934;496825;299937;496826;0;29;29;39
86836;31711;190266;521020;190269;521021;0;50;50;27
96457;90754;544524;578746;544527;578747;0;36;36;27
5847;3250;19500;35083;19503;35084;0;24;24;31
20735;5264;31584;124411;31587;124412;0;52;52;29
70883;71349;428094;425299;428097;425300;0;23;23;27
70883;27085;162510;425302;162513;425303;0;38;38;26
15857;34023;204138;95146;204141;95147;0;27;27;28
18102;61448;368688;108616;368691;108617;0;44;44;36
18102;25465;152790;108613;152793;108614;0;44;44;33
28736;9369;56214;172420;56217;172421;0;38;38;37
28736;11680;70080;172417;70083;172418;0;54;54;26
56017;92646;555876;336106;555879;336107;0;67;67;40
89728;31299;187794;538372;187797;538373;0;36;36;32
89728;20889;125334;538369;125337;538370;0;39;39;29
95165;38278;229668;570994;229671;570995;0;45;45;36
95165;89781;538686;570991;538689;570992;0;44;44;26
74998;80838;485028;449992;485031;449993;0;53;53;30
17801;53125;318750;106810;318753;106811;0;53;53;35
18072;85264;511584;108433;511587;108434;0;35;35;27
32359;99533;597198;194158;597201;194159;0;35;35;38
32359;81085;486510;194155;486513;194156;0;49;49;26
34414;10000;60000;206485;60003;206486;0;34;34;38
34414;94582;567492;206488;567495;206489;0;48;48;29
66634;52342;314052;399805;314055;399806;0;44;44;38
66634;44739;268434;399808;268437;399809;0;34;34;33
84807;96906;581436;508846;581439;508847;0;41;41;22
20513;6182;37092;123079;37095;123080;2;39;41;38
20513;8909;53454;123082;53457;123083;0;35;35;25
37738;68549;411294;226432;411297;226433;0;38;38;37
37738;90232;541392;226429;541395;226430;0;31;31;29
42237;40812;244872;253423;244875;253424;0;35;35;27
42237;94947;569682;253426;569685;253427;3;34;33;24
70486;3930;23580;422920;23583;422921;0;37;37;27
70486;73772;442632;422917;442635;422918;0;44;44;21
83114;5816;34896;498685;34899;498686;0;27;27;38
95223;94571;567426;571339;567429;571340;0;29;29;39
95223;35078;210468;571342;210471;571343;0;28;28;28
98512;3554;21324;591076;21327;591077;0;32;32;29
6828;76720;460320;40972;460323;40973;0;34;34;35
52129;81525;489150;312778;489153;312779;0;49;49;39
52129;60511;363066;312775;363069;312776;1;39;38;39
60201;79670;478020;361207;478023;361208;2;36;36;36
60201;76390;458340;361210;458343;361211;0;40;40;32
80478;68287;409722;482872;409725;482873;0;51;51;38
2985;86463;518778;17911;518781;17912;0;73;73;39
2985;82384;494304;17914;494307;17915;0;54;54;36
10810;84971;509826;64864;509829;64865;0;49;49;30
78355;55938;335628;470134;335631;470135;0;57;57;37
78355;53635;321810;470131;321813;470132;0;40;40;30
84456;49093;294558;506737;294561;506738;0;34;34;30
90691;46010;276060;544150;276063;544151;0;50;50;33
80761;55140;330840;484570;330843;484571;0;59;59;28
80761;36998;221988;484567;221991;484568;0;29;29;27
518;4586;27516;3112;27519;3113;0;29;29;35
518;96268;577608;3109;577611;3110;1;44;45;30
68493;2472;14832;410962;14835;410963;0;27;27;17
37130;51744;310464;222784;310467;222785;0;36;36;20
61143;2837;17022;366859;17025;366860;0;26;26;19
74231;1075;6450;445390;6453;445391;2;38;39;19
4191;99176;595056;25150;595059;25151;1;31;32;20
38944;31355;188130;233668;188133;233669;0;35;35;21
69043;80729;484374;414259;484377;414260;0;31;31;20
57592;97493;584958;345553;584961;345554;0;27;27;16
60873;19590;117540;365242;117543;365243;0;30;30;20
43261;54628;327768;259570;327771;259571;0;38;38;18
79953;42025;252150;479719;252153;479720;0;29;29;19
34361;46279;277674;206170;277677;206171;3;44;43;19
14116;96026;576156;84700;576159;84701;0;26;26;21
77887;55213;331278;467326;331281;467327;0;34;34;22
96900;91985;551910;581404;551913;581405;0;42;42;21
79203;41627;249762;475219;249765;475220;0;32;32;21
6545;97706;586236;39271;586239;39272;0;26;26;19
95430;17287;103722;572584;103725;572585;3;45;44;20
86126;34878;209268;516757;209271;516758;0;28;28;22
56490;48406;290436;338944;290439;338945;0;35;35;21
86429;53338;320028;518578;320031;518579;0;49;49;18
59780;45151;270906;358681;270909;358682;0;45;45;20
56098;17979;107874;336589;107877;336590;3;29;28;21
95804;24115;144690;574825;144693;574826;0;38;38;19
39644;28515;171090;237865;171093;237866;1;34;35;19
272;94411;566466;1633;566469;1634;2;27;28;20
4934;32993;197958;29608;197961;29609;0;33;33;19
61218;21265;127590;367312;127593;367313;1;33;32;19
77499;28603;171618;464995;171621;464996;1;30;29;18
17821;93716;562296;106930;562299;106931;0;39;39;21
48023;8081;48486;288142;48489;288143;2;34;34;22
26426;26684;160104;158557;160107;158558;1;39;39;23
25442;67168;403008;152656;403011;152657;0;34;34;22
1390;41652;249912;8341;249915;8342;0;35;35;22
88715;60745;364470;532291;364473;532292;0;25;25;23
20744;25812;154872;124465;154875;124466;0;41;41;19
84339;54003;324018;506038;324021;506039;0;28;28;20
73838;93705;562230;443032;562233;443033;0;29;29;20
14361;69274;415644;86167;415647;86168;2;27;29;21
27794;19303;115818;166765;115821;166766;0;30;30;21
22660;58739;352434;135961;352437;135962;0;34;34;22
31275;50345;302070;187651;302073;187652;1;30;31;18
56156;17600;105600;336937;105603;336938;0;31;31;20
82517;48019;288114;495106;288117;495107;1;25;26;20
47474;62996;377976;284845;377979;284846;0;31;31;21
5736;96360;578160;34420;578163;34421;0;38;38;21
24410;10999;65994;146464;65997;146465;1;43;43;21
39668;28270;169620;238009;169623;238010;0;35;35;19
52616;37963;227778;315700;227781;315701;0;31;31;21
65096;374;2244;390580;2247;390581;2;33;33;21
59340;67349;404094;356041;404097;356042;1;37;38;21
